[
    {
        "content": "Rock also drew strongly from a number of other genres such as electric blues and folk, and incorporated influences from jazz, classical, and other musical styles. ",
        "contentType": "application/pdf",
        "filename": "rock.pdf",
        "page": 0,
        "path": "/n/fr03kzmuvhtf/b/psql-public-bucket/o/rock.pdf",
        "region": "-",
        "summary": "-"
    },
    {
        "content": "Jazz is a music genre that originated in the African-American communities of New Orleans, Louisiana, in the late 19th and early 20th centuries, with its roots in blues and ragtime.[",
        "contentType": "application/pdf",
        "filename": "jazz.pdf",
        "page": 0,
        "path": "/n/fr03kzmuvhtf/b/psql-public-bucket/o/jazz.pdf",
        "region": "-",
        "summary": "-"
    },
    {
        "content": "1][2][3][4] Since the 1920s Jazz Age, it has been recognized as a major form of musical expression in traditional and popular music. ",
        "contentType": "application/pdf",
        "filename": "jazz.pdf",
        "page": 0,
        "path": "/n/fr03kzmuvhtf/b/psql-public-bucket/o/jazz.pdf",
        "region": "-",
        "summary": "-"
    },
    {
        "content": "Jazz is characterized by swing and blue notes, complex chords, call and response vocals, polyrhythms and improvisation. Jazz has roots in European harmony and African rhythmic rituals.[5][6]   ",
        "contentType": "application/pdf",
        "filename": "jazz.pdf",
        "page": 0,
        "path": "/n/fr03kzmuvhtf/b/psql-public-bucket/o/jazz.pdf",
        "region": "-",
        "summary": "-"
    }
]