{
    "openapi": "3.0.0",
    "info": {
        "title": "query",
        "version": "1.0.0"
    },
    "servers": [
        {
            "url": "vb-catalog://backends/search_rest"
        }
    ],
    "paths": {
        "/query": {
            "post": {
                "operationId": "postQuery",
                "requestBody": {
                    "content": {
                        "application/json": {
                            "schema": {
                                "$ref": "#/components/schemas/PostQueryRequest"
                            },
                            "examples": {
                                "vb": {
                                    "externalValue": "./examples/postQuery/request_application_json_vb.json"
                                }
                            }
                        }
                    }
                },
                "responses": {
                    "default": {
                        "description": "Response for default",
                        "content": {
                            "application/json": {
                                "schema": {
                                    "$ref": "#/components/schemas/PostQueryResponse"
                                },
                                "examples": {
                                    "vb": {
                                        "summary": "Example stored by VB User",
                                        "externalValue": "./examples/postQuery/response_default_application_json_vb.json"
                                    }
                                }
                            }
                        }
                    }
                },
                "x-vb": {
                    "actionHint": "getMany"
                }
            }
        }
    },
    "components": {
        "schemas": {
            "PostQueryRequest": {
                "type": "object",
                "properties": {
                    "type": {
                        "type": "string"
                    },
                    "question": {
                        "type": "string"
                    }
                }
            },
            "PostQueryResponse": {
                "type": "array",
                "items": {
                    "type": "object",
                    "properties": {
                        "content": {
                            "type": "string"
                        },
                        "contentType": {
                            "type": "string"
                        },
                        "filename": {
                            "type": "string"
                        },
                        "page": {
                            "type": "integer"
                        },
                        "path": {
                            "type": "string"
                        },
                        "region": {
                            "type": "string"
                        },
                        "summary": {
                            "type": "string"
                        }
                    }
                }
            }
        }
    }
}